"3","1","test","","","test@gmail.com","test","09123123123","09123123123","123","09123123123","test.com","customer","business","2020-10-10T07:49:29.000000Z","2020-10-10T07:49:29.000000Z","","","","",""
"4","1","","Alex Bryan","Arellano","alexbryanarellano2@gmail.com","alex","09123123123","09123456789","321","asdf","asdf.com","customer","individual","2020-10-10T08:13:52.000000Z","2020-10-10T08:13:52.000000Z","","","","",""
"5","1","asdf","","","alexbryanarellano2@gmail.com","test 1","09123123123","1234","2134","safdasdf","wqer.com","supplier","business","2020-10-10T09:25:51.000000Z","2020-10-10T09:25:51.000000Z","","","","",""
"6","1","unirises","","","unirisesinc@gmail.com","accounting","","09195951456","","qwer","www unirises.com","customer","business","2020-10-10T09:52:28.000000Z","2020-10-10T09:52:28.000000Z","","","","",""
"7","1","","sample","sample","sample@gmail.com","sample","09123123","12312","123123","123123","123123","supplier","individual","2020-10-10T10:43:49.000000Z","2020-10-10T10:43:49.000000Z","","","","",""
"8","1","","mark","lee","unirisesinc@gmail.com","marklee","09950257988","09195951456","","mamamo","unirises.com","customer","individual","2020-10-10T10:52:44.000000Z","2020-10-10T10:52:44.000000Z","","","","",""
"9","1","unirises","","","unirisesinc@gmail.com","unirses","09950257988","09950257988","","","","supplier","business","2020-10-10T11:20:04.000000Z","2020-10-10T11:20:04.000000Z","","","","",""
"10","1","","admin","nerves","nervesxvibes0625@gmail.com","sample 2","09123123123","1234","234","aqwer","erqwe.com","customer","individual","2020-10-12T06:56:32.000000Z","2020-10-12T06:56:32.000000Z","","","","",""
"11","1","Test Company","","","test@gmail.com","testing 2","09123123123","09123123123","123","dfqwer","qwer.com","customer","business","2020-10-12T07:19:50.000000Z","2020-10-12T07:19:50.000000Z","KOREA","sss","SAN MATEO","Rehiyon ng Calabarzon","1850"
"12","2","Sample Company Lang","","","","","","","","","","customer","business","2020-10-13T05:42:15.000000Z","2020-10-13T05:42:15.000000Z","","","","",""
"13","1","Sample Company Lang","","","alexbryanarellano2@gmail.com","123","123","12312","312","3123","123","customer","business","2020-10-16T09:46:39.000000Z","2020-10-16T09:46:39.000000Z","KOREA","s","SAN MATEO","Rehiyon ng Calabarzon","1850"
